{
	/*
		 // Place your snippets for JavaScript here. Each snippet is defined under a snippet name and has a prefix, body and 
		 // description. The prefix is what is used to trigger the snippet and the body will be expanded and inserted. Possible variables are:
		 // $1, $2 for tab stops, $0 for the final cursor position, and ${1:label}, ${2:another} for placeholders. Placeholders with the 
		 // same ids are connected.
		 // Example:
		 "Print to console": {
			"prefix": "log",
			"body": [
				"console.log('$1');",
				"$2"
			],
			"description": "Log output to console"
		}
	*/
	"Print to console": {
		"prefix": "my_header",
		"body": [
			"$1.setRequestHeader('Content-type','application/x-www-form-urlencoded');"
		],
		"description": "快速生成ajax的头"
	},
	"header2": {
		"prefix": "my_cors",
		"body": [
			"app.use((request,response,next)=>{",
			"	// 设置允许跨域",
			"	response.header('Access-Control-Allow-Origin', '*');",
			"	next()",
			"})",
		],
		"description": "快速生成ajax的头"
	},
	"my_ajax_header": {
		"prefix": "my_ajax_header",
		"body": [
			"$1.setRequestHeader(\"Content-type\",\"application/x-www-form-urlencoded\");"
		],
		"description": "设置ajax中post的请求头"
	},
	"my_log": {
		"prefix": "my_log",
		"body": [
			"console.log($1);"
		],
		"description": "快速创建log"
	},
	"my_zs": {
		"prefix": "my_zs",
		"body": [
			"// $0----------------------------------------"
		],
		"description": "快速创建注释"
	},
	"my_ajax_5steps": {
		"prefix": "my_ajax_5steps",
		"body": [
			"//1.创建异步对象",
			"//2.设置请求行",
			"//3.设置请求头(get请求可以省略)",
			"//4.注册状态改变事件",
			"//4.1判断状态&请求是否成功并使用数据",
			"//5.发送请求"
		],
		"description": "快速生成ajax五步使用注释"
	},
	"my_ajax_5steps_normal": {
		"prefix": "my_ajax_5steps_normal",
		"body": [
			"//1.创建对象",
			"//2.设置请求行(get请求数据写在url后面)",
			"//3.设置请求头(get请求可以省略,post不发送数据也可以省略)",
			"//3.5注册回调函数",
			"//4.请求主体发送(get请求为空，或者写null，post请求数据写在这里，如果没有数据，直接为空或者写null)"
		],
		"description": "快速生成ajax五步使用注释"
	},
	"my_qs": {
		"prefix": "my_qs",
		"body": [
			"document.querySelector('$1')"
		],
		"description": "快速生成QS"
	},
	"my_qsa": {
		"prefix": "my_qsa",
		"body": [
			"document.querySelectorAll('$1')"
		],
		"description": "快速生成QSA"
	},
	"my_allow": {
			"prefix": "my_allow",
			"body": [
				"// 设置允许跨域",
				"response.header('Access-Control-Allow-Origin', '*');"
				,
			],
			"description": "设置cors允许跨域"
	}
}