{
/*
	 // Place your snippets for PHP here. Each snippet is defined under a snippet name and has a prefix, body and 
	 // description. The prefix is what is used to trigger the snippet and the body will be expanded and inserted. Possible variables are:
	 // $1, $2 for tab stops, $0 for the final cursor position, and ${1:label}, ${2:another} for placeholders. Placeholders with the 
	 // same ids are connected.
	 // Example:
	 "Print to console": {
		"prefix": "log",
		"body": [
			"console.log('$1');",
			"$2"
		],
		"description": "Log output to console"
	}
*/
 "my_header_zh": {
		"prefix": "my_header_zh",
		"body": [
			"header('content-type:text/html;charset=utf-8');"
		],
		"description": "快速创建header设置中文"
	},
 "my_header_xml": {
		"prefix": "my_header_xml",
		"body": [
			"header('content-type:text/xml;charset=utf-8');"
		],
		"description": "快速创建header设置xml"
	},
	 "my_header_json": {
		"prefix": "my_header_json",
		"body": [
			"header('content-type:application/json;charset=utf-8');"
		],
		"description": "快速创建header设置json"
	},
	 "my_header_allow": {
		"prefix": "my_header_allow",
		"body": [
			"header('Access-Control-Allow-Origin: *');"
		],
		"description": "允许跨域访问"
	},
	 "my_header_reflash": {
		"prefix": "my_header_reflash",
		"body": [
			"header('refresh:$1;url=$2');"
		],
		"description": "刷新页面"
	},
	"my_ZSG":{
		"prefix": "my_ZSG",
		"body": [
			"0.设置中文编码",
        	"1.接收数据",
        	"2.连接数据库",
        	"3.准备sql语句 增删改",
        	"4.执行sql语句",
        	"5.获取行数"
		],
		"description": "执行增删改"
	},
	"my_SELECT":{
		"prefix": "my_SELECT",
		"body": [
			"0.设置中文编码",
        	"1.接收数据",
        	"2.连接数据库",
        	"3.准备sql语句 查询",
        	"4.执行sql语句",
			"5.解析结果",
			"6.渲染页面"
		],
		"description": "执行查询"
	},
	"my_line": {
		"prefix": "my_line",
		"body": [
			"----------$1----------"
		],
		"description": "生成分割线"
	},
	"my_php": {
		"prefix": "my_php",
		"body": [
			"<?php $0 ?>"
		],
		"description": "快速创建 php的 标签"
	},
}
